{"cameraMode":{"drawMode":0,"name":"Shaded","section":"Shading Mode"},"sceneLighting":false,"audioPlay":false,"sceneViewState":{"showFog":true,"showMaterialUpdate":false,"showSkybox":false,"showFlares":true,"showImageEffects":true,"showParticleSystems":true},"in2DMode":false,"pivot":{"x":0.0,"y":0.24594014883041383,"z":0.010493844747543335},"rotation":{"x":-0.3772607147693634,"y":-0.14304934442043305,"z":0.05910459905862808,"w":-0.9130842685699463},"size":1.4762808084487916,"orthographic":false}